"lon","lat","ID","Ciudad"
-70.32965,-27.37308,1,"Copiapo"
-70.32946,-27.362457,2,"Copiapo"
-70.30647,-27.373709,3,"Copiapo"
-70.32041,-27.372004,4,"Copiapo"
-70.32213,-27.356851,5,"Copiapo"
-70.31858,-27.36322,6,"Copiapo"
-70.32062,-27.371288,7,"Copiapo"
-70.32836,-27.373878,8,"Copiapo"
-70.3281,-27.371335,9,"Copiapo"
-70.30779,-27.383898,10,"Copiapo"
-70.26142,-27.418839,11,"Copiapo"
-70.32268,-27.380205,12,"Copiapo"
-70.29868,-27.392923,13,"Copiapo"
-70.33335,-27.361507,14,"Copiapo"
-70.31475,-27.367128,15,"Copiapo"
-70.30334,-27.389513,16,"Copiapo"
-70.30978,-27.381809,17,"Copiapo"
-70.31767,-27.369801,18,"Copiapo"
-70.31097,-27.357574,19,"Copiapo"
-70.34869,-27.358657,20,"Copiapo"
-70.31498,-27.379635,21,"Copiapo"
-70.3214,-27.372039,22,"Copiapo"
-70.315,-27.37953,23,"Copiapo"
-70.31466,-27.355276,24,"Copiapo"
-71.24336,-29.902953,1,"Gran Coquimbo"
-71.24057,-29.87853,2,"Gran Coquimbo"
-71.25112,-29.931807,3,"Gran Coquimbo"
-71.25515,-29.906089,4,"Gran Coquimbo"
-71.24638,-29.906838,5,"Gran Coquimbo"
-71.25172,-29.919989,6,"Gran Coquimbo"
-71.24469,-29.906408,7,"Gran Coquimbo"
-71.24486,-29.913703,8,"Gran Coquimbo"
-71.25341,-29.89786,9,"Gran Coquimbo"
-71.22066,-29.911697,10,"Gran Coquimbo"
-71.23638,-29.887004,11,"Gran Coquimbo"
-71.26393,-29.942495,12,"Gran Coquimbo"
-71.25834,-29.932679,13,"Gran Coquimbo"
-71.22617,-29.949436,14,"Gran Coquimbo"
-71.23356,-29.904323,15,"Gran Coquimbo"
-71.22512,-29.883223,16,"Gran Coquimbo"
-71.24561,-29.879034,17,"Gran Coquimbo"
-71.26124,-29.939386,18,"Gran Coquimbo"
-71.2409,-29.902235,19,"Gran Coquimbo"
-71.34013,-29.96055,20,"Gran Coquimbo"
-71.33829,-29.961269,21,"Gran Coquimbo"
-71.3391,-29.967343,22,"Gran Coquimbo"
-71.26179,-29.957185,23,"Gran Coquimbo"
-71.3264,-29.967146,24,"Gran Coquimbo"
-71.32417,-29.96769,25,"Gran Coquimbo"
-71.3488,-29.961393,26,"Gran Coquimbo"
-71.2962,-29.951578,27,"Gran Coquimbo"
-71.36121,-29.986132,28,"Gran Coquimbo"
-71.29909,-29.973808,29,"Gran Coquimbo"
-71.33578,-29.999409,30,"Gran Coquimbo"
-71.3438,-29.957443,31,"Gran Coquimbo"
-71.33467,-29.98802,32,"Gran Coquimbo"
-71.29585,-29.97295,33,"Gran Coquimbo"
-71.25091,-29.959816,34,"Gran Coquimbo"
-71.25592,-29.96605,35,"Gran Coquimbo"
-71.33043,-29.991884,36,"Gran Coquimbo"
-71.24448,-29.871945,37,"Gran Coquimbo"
-71.245,-29.876514,38,"Gran Coquimbo"
-71.2585,-29.970781,39,"Gran Coquimbo"
-71.24592,-29.907623,40,"Gran Coquimbo"
-71.23595,-29.886513,41,"Gran Coquimbo"
-71.23739,-29.868449,42,"Gran Coquimbo"
-71.21252,-29.919807,43,"Gran Coquimbo"
-71.26555,-29.950172,44,"Gran Coquimbo"
-71.32902,-29.98469,45,"Gran Coquimbo"
-71.23944,-29.870455,46,"Gran Coquimbo"
-71.33779,-29.967836,47,"Gran Coquimbo"
-71.21326,-29.917728,48,"Gran Coquimbo"
-71.24001,-29.87696,49,"Gran Coquimbo"
-71.2327,-29.875572,50,"Gran Coquimbo"
-71.25819,-29.958744,51,"Gran Coquimbo"
-71.34032,-29.97814,52,"Gran Coquimbo"
-71.24652,-29.92349,53,"Gran Coquimbo"
-71.25682,-29.972423,54,"Gran Coquimbo"
-71.26697,-29.951097,55,"Gran Coquimbo"
-71.24834,-29.957296,56,"Gran Coquimbo"
-71.22974,-29.88575,57,"Gran Coquimbo"
-71.24769,-29.957375,58,"Gran Coquimbo"
-71.25375,-29.964325,59,"Gran Coquimbo"
-71.32916,-29.972258,60,"Gran Coquimbo"
-71.24452966,-29.87952933,61,"Gran Coquimbo"
-71.25134,-29.903217,62,"Gran Coquimbo"
-71.32545,-29.970633,63,"Gran Coquimbo"
-71.33231,-29.986124,64,"Gran Coquimbo"
-71.34956,-29.951351,65,"Gran Coquimbo"
-71.3316,-29.990375,66,"Gran Coquimbo"
-71.25093,-29.882981,67,"Gran Coquimbo"
-71.3482,-29.95661,68,"Gran Coquimbo"
-71.20481,-29.922649,69,"Gran Coquimbo"
-71.34879,-29.954714,70,"Gran Coquimbo"
-71.24743,-29.925667,71,"Gran Coquimbo"
-71.23248,-29.872055,72,"Gran Coquimbo"
-71.3375,-29.962547,73,"Gran Coquimbo"
-71.34351,-29.98732,74,"Gran Coquimbo"
-71.29749,-29.98132,75,"Gran Coquimbo"
-71.23367,-29.885584,76,"Gran Coquimbo"
-71.31031,-29.966602,77,"Gran Coquimbo"
-71.35122,-29.946777,78,"Gran Coquimbo"
-71.33263,-29.988473,79,"Gran Coquimbo"
-71.33898,-29.944397,80,"Gran Coquimbo"
-71.3303,-29.971357,81,"Gran Coquimbo"
-71.32853,-29.977905,82,"Gran Coquimbo"
-71.25272,-29.973524,83,"Gran Coquimbo"
-71.25419,-29.972995,84,"Gran Coquimbo"
-71.2416,-29.883139,85,"Gran Coquimbo"
-71.26328,-29.943703,86,"Gran Coquimbo"
-71.23726,-29.880667,87,"Gran Coquimbo"
-71.24303,-29.881273,88,"Gran Coquimbo"
-71.25782,-29.96342,89,"Gran Coquimbo"
-71.34048,-29.961694,90,"Gran Coquimbo"
-71.20556,-29.925627,91,"Gran Coquimbo"
-71.33863,-29.97955,92,"Gran Coquimbo"
-71.31108,-29.97018,93,"Gran Coquimbo"
-71.20491,-29.926298,94,"Gran Coquimbo"
-71.23543,-29.876061,95,"Gran Coquimbo"
-71.24476,-29.867901,96,"Gran Coquimbo"
-71.30059,-29.97958,97,"Gran Coquimbo"
-71.3365,-29.984525,98,"Gran Coquimbo"
-71.24265,-29.887625,99,"Gran Coquimbo"
-71.24092,-29.919786,100,"Gran Coquimbo"
-71.24937,-29.969055,101,"Gran Coquimbo"
-71.25749,-29.936235,102,"Gran Coquimbo"
-71.30042,-29.962047,103,"Gran Coquimbo"
-71.34314,-29.957686,104,"Gran Coquimbo"
-71.3041,-29.969617,105,"Gran Coquimbo"
-71.326209,-29.993859,106,"Gran Coquimbo"
-71.26084,-29.965837,107,"Gran Coquimbo"
-71.21069,-29.916634,108,"Gran Coquimbo"
-71.23717,-29.87681,109,"Gran Coquimbo"
-73.07383,-36.809228,1,"Gran Concepcion"
-73.04958,-36.829689,2,"Gran Concepcion"
-73.05666,-36.823845,3,"Gran Concepcion"
-73.05316,-36.842533,4,"Gran Concepcion"
-73.04147,-36.815178,5,"Gran Concepcion"
-73.11057,-36.84147,6,"Gran Concepcion"
-73.0377,-36.825783,7,"Gran Concepcion"
-73.04971,-36.832212,8,"Gran Concepcion"
-73.03352,-36.812767,9,"Gran Concepcion"
-73.05281,-36.820382,10,"Gran Concepcion"
-73.03652,-36.824347,11,"Gran Concepcion"
-73.02565,-36.912931,12,"Gran Concepcion"
-73.01473,-36.820043,13,"Gran Concepcion"
-73.05528,-36.813815,14,"Gran Concepcion"
-73.01663,-36.940041,15,"Gran Concepcion"
-73.04623,-36.8197,16,"Gran Concepcion"
-73.01578,-36.95589,17,"Gran Concepcion"
-73.1005,-36.846466,18,"Gran Concepcion"
-73.11654,-36.833543,19,"Gran Concepcion"
-73.02716,-36.929927,20,"Gran Concepcion"
-73.03898,-36.809528,21,"Gran Concepcion"
-72.99261,-36.827345,22,"Gran Concepcion"
-73.02054,-36.826155,23,"Gran Concepcion"
-73.12464,-36.860759,24,"Gran Concepcion"
-73.14106,-36.849744,25,"Gran Concepcion"
-73.12447,-36.829859,26,"Gran Concepcion"
-73.052,-36.82228,27,"Gran Concepcion"
-73.12965,-36.882141,28,"Gran Concepcion"
-73.03435,-36.81488,29,"Gran Concepcion"
-73.05913,-36.836062,30,"Gran Concepcion"
-73.05274,-36.822533,31,"Gran Concepcion"
-73.03768,-36.818532,32,"Gran Concepcion"
-73.03735,-36.798864,33,"Gran Concepcion"
-73.04563,-36.8061,34,"Gran Concepcion"
-73.14237,-36.845015,35,"Gran Concepcion"
-73.10227,-36.781631,36,"Gran Concepcion"
-73.08921,-36.776144,37,"Gran Concepcion"
-73.0851,-36.776686,38,"Gran Concepcion"
-73.09786,-36.784533,39,"Gran Concepcion"
-73.11633,-36.785736,40,"Gran Concepcion"
-73.10397,-36.789751,41,"Gran Concepcion"
-73.11549,-36.714052,42,"Gran Concepcion"
-73.11632,-36.714643,43,"Gran Concepcion"
-73.10284,-36.742668,44,"Gran Concepcion"
-73.09339,-36.754881,45,"Gran Concepcion"
-73.09255,-36.791621,46,"Gran Concepcion"
-73.08254,-36.801413,47,"Gran Concepcion"
-73.08783,-36.752375,48,"Gran Concepcion"
-73.11226,-36.720798,49,"Gran Concepcion"
-73.11186,-36.733861,50,"Gran Concepcion"
-73.11638,-36.690415,51,"Gran Concepcion"
-73.09042,-36.797769,52,"Gran Concepcion"
-73.08823,-36.77433,53,"Gran Concepcion"
-73.10866,-36.724011,54,"Gran Concepcion"
-73.11826,-36.711154,55,"Gran Concepcion"
-73.09385,-36.739587,56,"Gran Concepcion"
-73.10677,-36.73898,57,"Gran Concepcion"
-73.1321,-36.721803,58,"Gran Concepcion"
-73.10696,-36.787171,59,"Gran Concepcion"
-73.09156,-36.799909,60,"Gran Concepcion"
-73.08239,-36.78436,61,"Gran Concepcion"
-73.08708,-36.748006,62,"Gran Concepcion"
-73.10609,-36.780021,63,"Gran Concepcion"
-73.11056,-36.787024,64,"Gran Concepcion"
-73.11918,-36.722503,65,"Gran Concepcion"
-72.99831,-36.738716,66,"Gran Concepcion"
-73.00015,-36.741963,67,"Gran Concepcion"
-72.99377,-36.738056,68,"Gran Concepcion"
-72.97229,-36.712874,69,"Gran Concepcion"
-73.01329,-36.767516,70,"Gran Concepcion"
-72.97622,-36.721062,71,"Gran Concepcion"
-73.02102,-36.78165,72,"Gran Concepcion"
-72.99471,-36.738375,73,"Gran Concepcion"
-72.95665,-36.614082,74,"Gran Concepcion"
-72.9516,-36.638626,75,"Gran Concepcion"
-72.95603,-36.613721,76,"Gran Concepcion"
-72.95342,-36.615751,77,"Gran Concepcion"
-72.95194,-36.636934,78,"Gran Concepcion"
-72.9589,-36.610069,79,"Gran Concepcion"
-72.93545,-36.548207,80,"Gran Concepcion"
-72.96095,-36.615832,81,"Gran Concepcion"
-72.95333,-36.626125,82,"Gran Concepcion"
-72.79299,-36.628914,83,"Gran Concepcion"
-72.95136,-36.619711,84,"Gran Concepcion"
-72.97528,-36.59735,85,"Gran Concepcion"
-72.94612,-36.621931,86,"Gran Concepcion"
-72.94745,-36.611464,87,"Gran Concepcion"
-72.94946,-36.607741,88,"Gran Concepcion"
-72.9396,-36.615364,89,"Gran Concepcion"
-72.96132,-36.617098,90,"Gran Concepcion"
-72.96008,-36.617107,91,"Gran Concepcion"
-72.79469,-36.629833,92,"Gran Concepcion"
-73.15904,-37.088966,93,"Gran Concepcion"
-73.15579,-37.092088,94,"Gran Concepcion"
-73.15268,-37.077246,95,"Gran Concepcion"
-73.16146,-37.084801,96,"Gran Concepcion"
-73.15589,-37.091074,97,"Gran Concepcion"
-73.16119,-37.080887,98,"Gran Concepcion"
-73.15709,-37.094368,99,"Gran Concepcion"
-73.15613,-37.078924,100,"Gran Concepcion"
-73.16518,-37.00305,101,"Gran Concepcion"
-73.16559,-37.002283,102,"Gran Concepcion"
-73.15389,-37.015085,103,"Gran Concepcion"
-73.14456,-37.028937,104,"Gran Concepcion"
-73.15357,-37.011179,105,"Gran Concepcion"
-73.15751,-36.99632,106,"Gran Concepcion"
-73.13892,-37.03174,107,"Gran Concepcion"
-73.14534,-37.030119,108,"Gran Concepcion"
-73.14497,-37.030034,109,"Gran Concepcion"
-73.14984,-37.022291,110,"Gran Concepcion"
-73.15853,-36.982227,111,"Gran Concepcion"
-73.14856,-36.954666,112,"Gran Concepcion"
-73.15335,-37.011724,113,"Gran Concepcion"
-73.14113,-37.028111,114,"Gran Concepcion"
-73.15585,-36.985313,115,"Gran Concepcion"
-73.15549,-36.982262,116,"Gran Concepcion"
-73.14543,-37.005824,117,"Gran Concepcion"
-73.14314,-37.030586,118,"Gran Concepcion"
-72.95766,-36.60214,119,"Gran Concepcion"
-73.18626,-37.003084,120,"Gran Concepcion"
-73.16763,-36.990906,121,"Gran Concepcion"
-73.09698,-36.784206,122,"Gran Concepcion"
-73.10301,-36.84183,123,"Gran Concepcion"
-73.13759,-36.837342,124,"Gran Concepcion"
-73.15707,-37.093482,125,"Gran Concepcion"
-73.07083,-36.824467,126,"Gran Concepcion"
-73.13917,-36.829988,127,"Gran Concepcion"
-73.14111,-36.720601,128,"Gran Concepcion"
-73.02354,-36.92761,129,"Gran Concepcion"
-73.16658,-36.985382,130,"Gran Concepcion"
-73.12234,-36.723942,131,"Gran Concepcion"
-73.16836,-36.991692,132,"Gran Concepcion"
-73.11225,-36.724495,133,"Gran Concepcion"
-73.16521,-37.08423,134,"Gran Concepcion"
-73.11229,-36.843581,135,"Gran Concepcion"
-73.04504,-36.810924,136,"Gran Concepcion"
-73.06989,-36.82485,137,"Gran Concepcion"
-73.02464,-36.934487,138,"Gran Concepcion"
-73.05196,-36.822254,139,"Gran Concepcion"
-73.16754,-36.981923,140,"Gran Concepcion"
-73.13794,-36.713886,141,"Gran Concepcion"
-73.05339,-36.8265,142,"Gran Concepcion"
-73.01773,-36.955602,143,"Gran Concepcion"
-73.11068,-36.71691,144,"Gran Concepcion"
-73.02228,-36.935556,145,"Gran Concepcion"
-73.14507,-36.825695,146,"Gran Concepcion"
-73.01036,-36.939237,147,"Gran Concepcion"
-73.03613,-36.80267,148,"Gran Concepcion"
-73.02908,-36.911517,149,"Gran Concepcion"
-73.02256,-36.915012,150,"Gran Concepcion"
-72.97479,-36.70884,151,"Gran Concepcion"
-73.03176,-36.807022,152,"Gran Concepcion"
-73.05446,-36.826103,153,"Gran Concepcion"
-73.10838,-36.838394,154,"Gran Concepcion"
-73.15211,-36.98599,155,"Gran Concepcion"
-73.15629,-37.093304,156,"Gran Concepcion"
-73.11224,-36.830376,157,"Gran Concepcion"
-73.13139,-36.71541,158,"Gran Concepcion"
-73.1125,-36.733784,159,"Gran Concepcion"
-73.16434,-37.09185,160,"Gran Concepcion"
-73.0071,-36.831031,161,"Gran Concepcion"
-73.16293,-37.001816,162,"Gran Concepcion"
-72.96068,-36.604668,163,"Gran Concepcion"
-73.00847,-36.844278,164,"Gran Concepcion"
-73.06174,-36.7924,165,"Gran Concepcion"
-73.04038,-36.823208,166,"Gran Concepcion"
-73.04063,-36.80764,167,"Gran Concepcion"
-73.04123,-36.822906,168,"Gran Concepcion"
-73.06454,-36.82668,169,"Gran Concepcion"
-73.09869,-36.786076,170,"Gran Concepcion"
-73.1635,-37.086304,171,"Gran Concepcion"
-73.1526,-36.987011,172,"Gran Concepcion"
-73.10173,-36.747106,173,"Gran Concepcion"
-73.04949,-36.831894,174,"Gran Concepcion"
-72.99387,-36.735911,175,"Gran Concepcion"
-73.00448,-36.742671,176,"Gran Concepcion"
-73.03557,-36.82337,177,"Gran Concepcion"
-73.0956,-36.749077,178,"Gran Concepcion"
-73.16268,-37.001534,179,"Gran Concepcion"
-73.07729,-36.8099,180,"Gran Concepcion"
-73.05036,-36.80519,181,"Gran Concepcion"
-73.13734,-37.034176,182,"Gran Concepcion"
-73.04159,-36.826923,183,"Gran Concepcion"
-73.02175,-36.95046,184,"Gran Concepcion"
-73.15434,-37.010376,185,"Gran Concepcion"
-73.04063,-36.80764,186,"Gran Concepcion"
-73.08887,-36.804207,187,"Gran Concepcion"
-73.01535,-36.941437,188,"Gran Concepcion"
-73.02916,-36.90105,189,"Gran Concepcion"
-73.02241,-36.94835,190,"Gran Concepcion"
-73.10618,-36.84307,191,"Gran Concepcion"
-73.1733,-36.99372,192,"Gran Concepcion"
-73.11531,-36.714455,193,"Gran Concepcion"
-73.08141,-36.79332,194,"Gran Concepcion"
-73.16454,-36.99221,195,"Gran Concepcion"
-73.01341,-36.825203,196,"Gran Concepcion"
-73.09757,-36.803482,197,"Gran Concepcion"
-73.02228,-36.951277,198,"Gran Concepcion"
-72.99547,-36.744384,199,"Gran Concepcion"
-73.0218,-36.81898,200,"Gran Concepcion"
-73.1099,-36.722305,201,"Gran Concepcion"
-73.03645,-36.797035,202,"Gran Concepcion"
-73.10099,-36.799408,203,"Gran Concepcion"
-73.02425,-36.94297,204,"Gran Concepcion"
-73.14082,-36.84242,205,"Gran Concepcion"
-73.13785,-37.031258,206,"Gran Concepcion"
-73.13849,-36.85415,207,"Gran Concepcion"
-72.95208,-36.637653,208,"Gran Concepcion"
-73.13212,-36.880135,209,"Gran Concepcion"
-73.07175,-36.821415,210,"Gran Concepcion"
-73.04662,-36.82406,211,"Gran Concepcion"
-72.99692,-36.74528,212,"Gran Concepcion"
-73.01817,-36.942719,213,"Gran Concepcion"
-73.03863,-36.820335,214,"Gran Concepcion"
-73.09058,-36.840405,215,"Gran Concepcion"
-72.99086,-36.733433,216,"Gran Concepcion"
-73.06489,-36.827442,217,"Gran Concepcion"
-73.1402,-36.84728,218,"Gran Concepcion"
-73.0217,-36.774708,219,"Gran Concepcion"
-73.02968,-36.80694,220,"Gran Concepcion"
-73.08347,-36.760838,221,"Gran Concepcion"
-73.1293,-36.72266,222,"Gran Concepcion"
-73.04349,-36.82497,223,"Gran Concepcion"
-73.06615,-36.82666,224,"Gran Concepcion"
-73.12801,-36.740723,225,"Gran Concepcion"
-73.03322,-36.81422,226,"Gran Concepcion"
-73.13983,-36.848957,227,"Gran Concepcion"
-73.08217,-36.778896,228,"Gran Concepcion"
-73.02658,-36.815147,229,"Gran Concepcion"
-73.16218,-36.97924,230,"Gran Concepcion"
-73.15473,-36.987675,231,"Gran Concepcion"
-73.03047,-36.91145,232,"Gran Concepcion"
-72.59071,-38.732412,1,"Temuco"
-72.59411,-38.761133,2,"Temuco"
-72.58666,-38.74056,3,"Temuco"
-72.6212,-38.735227,4,"Temuco"
-72.6176,-38.727964,5,"Temuco"
-72.58056,-38.732645,6,"Temuco"
-72.57082,-38.734791,7,"Temuco"
-72.62649,-38.75884,8,"Temuco"
-72.6232,-38.737736,9,"Temuco"
-72.62233,-38.758351,10,"Temuco"
-72.60193,-38.743764,11,"Temuco"
-72.6102573,-38.71938249,12,"Temuco"
-72.61638,-38.74341,13,"Temuco"
-72.56341,-38.720107,14,"Temuco"
-72.59367,-38.731297,15,"Temuco"
-72.59301,-38.756212,16,"Temuco"
-72.62177,-38.73328,17,"Temuco"
-72.61224,-38.727016,18,"Temuco"
-72.62155,-38.718418,19,"Temuco"
-72.61004,-38.750584,20,"Temuco"
-72.63014,-38.734196,21,"Temuco"
-72.75181,-38.764179,22,"Temuco"
-72.5622,-38.717514,23,"Temuco"
-72.60613,-38.72575,24,"Temuco"
-72.58685,-38.770608,25,"Temuco"
-72.58355,-38.731367,26,"Temuco"
-72.58267,-38.73754,27,"Temuco"
-72.565,-38.717622,28,"Temuco"
-72.58956,-38.759824,29,"Temuco"
-72.55922,-38.713491,30,"Temuco"
-72.62574,-38.747086,31,"Temuco"
-72.5939,-38.758564,32,"Temuco"
-72.64209,-38.756001,33,"Temuco"
-72.57506,-38.731034,34,"Temuco"
-72.62568,-38.753168,35,"Temuco"
-72.60752,-38.73881,36,"Temuco"
-72.59565,-38.757628,37,"Temuco"
-72.61176,-38.741441,38,"Temuco"
-72.58826,-38.742012,39,"Temuco"
-72.58968,-38.760749,40,"Temuco"
-72.62619,-38.730585,41,"Temuco"
-72.60892,-38.728717,42,"Temuco"
-72.5826,-38.744298,43,"Temuco"
-72.60268,-38.764576,44,"Temuco"
-72.62037,-38.717868,45,"Temuco"
-72.5754,-38.73763,46,"Temuco"
-72.63134496,-38.75771546,47,"Temuco"
-72.57136,-38.740045,48,"Temuco"
-72.56377,-38.732437,49,"Temuco"
-72.6145,-38.735222,50,"Temuco"
-72.55826,-38.72457,51,"Temuco"
-72.59848,-38.764403,52,"Temuco"
-72.62842,-38.724748,53,"Temuco"
-72.75413,-38.765716,54,"Temuco"
-72.56492,-38.726398,55,"Temuco"
-72.5904,-38.755785,56,"Temuco"
-72.57037,-38.709238,57,"Temuco"
-72.60006,-38.771372,58,"Temuco"
-72.62042,-38.716582,59,"Temuco"
-72.60093,-38.734344,60,"Temuco"
-72.60809,-38.72954,61,"Temuco"
-72.60814,-38.767029,62,"Temuco"
-72.58762,-38.765498,63,"Temuco"
-72.58262,-38.73875,64,"Temuco"
-72.5814,-38.744492,65,"Temuco"
-72.60787,-38.747215,66,"Temuco"
-72.62611,-38.728818,67,"Temuco"
-72.59009,-38.732421,68,"Temuco"
-72.58954,-38.757996,69,"Temuco"
-72.62578,-38.737392,70,"Temuco"
-72.56591,-38.728973,71,"Temuco"
-72.63846,-38.759741,72,"Temuco"
-72.61065,-38.71995,73,"Temuco"
-72.586136,-38.741497,74,"Temuco"
-72.58481,-38.737568,75,"Temuco"
-72.6245,-38.713867,76,"Temuco"
-72.75317,-38.764387,77,"Temuco"
-72.6229,-38.742384,78,"Temuco"
-72.58791,-38.738678,79,"Temuco"
-72.59624,-38.759118,80,"Temuco"
-72.5872,-38.747707,81,"Temuco"
-72.58521,-38.734898,82,"Temuco"
-72.59926,-38.762546,83,"Temuco"
-72.57851,-38.744102,84,"Temuco"
-72.59374,-38.737156,85,"Temuco"
-72.577,-38.723226,86,"Temuco"
-72.56673,-38.73014,87,"Temuco"
-72.58515,-38.732727,88,"Temuco"
-72.599,-38.739048,89,"Temuco"
-72.65339,-38.714702,90,"Temuco"
-72.56846,-38.734154,91,"Temuco"
-72.58596,-38.740593,92,"Temuco"
-72.60719,-38.734093,93,"Temuco"
-72.60648,-38.743122,94,"Temuco"
-72.60665,-38.745632,95,"Temuco"
-72.58938,-38.735104,96,"Temuco"
-72.58867,-38.744133,97,"Temuco"
-72.6071,-38.738052,98,"Temuco"
-72.60639,-38.74708,99,"Temuco"
-72.56197,-38.724609,100,"Temuco"
-72.63317,-38.742226,101,"Temuco"
-72.63246,-38.751255,102,"Temuco"
-72.60769,-38.734426,103,"Temuco"
-72.63189,-38.757339,104,"Temuco"
-72.75661,-38.766228,105,"Temuco"
-72.59011,-38.735233,106,"Temuco"
-72.5916,-38.73302,107,"Temuco"
-70.6503,-33.444871,1,"Gran Santiago"
-70.65729,-33.439211,2,"Gran Santiago"
-70.64581,-33.47071,3,"Gran Santiago"
-70.66272,-33.440939,4,"Gran Santiago"
-70.64889,-33.466963,5,"Gran Santiago"
-70.64545,-33.42674,6,"Gran Santiago"
-70.66916,-33.455643,7,"Gran Santiago"
-70.68307,-33.438874,8,"Gran Santiago"
-70.67965,-33.441021,9,"Gran Santiago"
-70.64694,-33.425962,10,"Gran Santiago"
-70.6403,-33.449866,11,"Gran Santiago"
-70.66252,-33.409792,12,"Gran Santiago"
-70.65681,-33.423142,13,"Gran Santiago"
-70.69843,-33.456606,14,"Gran Santiago"
-70.69316,-33.481839,15,"Gran Santiago"
-70.67137,-33.470746,16,"Gran Santiago"
-70.70038,-33.461464,17,"Gran Santiago"
-70.678,-33.442421,18,"Gran Santiago"
-70.66598,-33.422047,19,"Gran Santiago"
-70.65671,-33.448709,20,"Gran Santiago"
-70.64402,-33.467792,21,"Gran Santiago"
-70.66204,-33.435953,22,"Gran Santiago"
-70.63184,-33.449762,23,"Gran Santiago"
-70.65926,-33.472059,24,"Gran Santiago"
-70.69222,-33.458589,25,"Gran Santiago"
-70.65161,-33.474713,26,"Gran Santiago"
-70.65968,-33.473263,27,"Gran Santiago"
-70.66255,-33.410369,28,"Gran Santiago"
-70.69875,-33.456016,29,"Gran Santiago"
-70.67178,-33.422018,30,"Gran Santiago"
-70.66869,-33.435776,31,"Gran Santiago"
-70.67931,-33.440352,32,"Gran Santiago"
-70.64515,-33.42455,33,"Gran Santiago"
-70.6581,-33.455707,34,"Gran Santiago"
-70.69499,-33.475292,35,"Gran Santiago"
-70.69188,-33.471515,36,"Gran Santiago"
-70.6755,-33.431464,37,"Gran Santiago"
-70.64804,-33.460927,38,"Gran Santiago"
-70.63669,-33.449571,39,"Gran Santiago"
-70.67072,-33.448969,40,"Gran Santiago"
-70.65621662,-33.41550966,41,"Gran Santiago"
-70.62786,-33.467958,42,"Gran Santiago"
-70.69174,-33.463481,43,"Gran Santiago"
-70.65276,-33.466155,44,"Gran Santiago"
-70.66036,-33.45429,45,"Gran Santiago"
-70.65161,-33.47032,46,"Gran Santiago"
-70.66238,-33.421408,47,"Gran Santiago"
-70.65681,-33.420781,48,"Gran Santiago"
-70.64853,-33.467809,49,"Gran Santiago"
-70.64964,-33.474818,50,"Gran Santiago"
-70.65523,-33.42554,51,"Gran Santiago"
-70.67727,-33.456698,52,"Gran Santiago"
-70.68771,-33.437399,53,"Gran Santiago"
-70.71678,-33.475076,54,"Gran Santiago"
-70.74236,-33.365788,55,"Gran Santiago"
-70.65271,-33.406651,56,"Gran Santiago"
-70.69186,-33.470747,57,"Gran Santiago"
-70.64887,-33.459191,58,"Gran Santiago"
-70.64651,-33.458723,59,"Gran Santiago"
-70.64299,-33.46163,60,"Gran Santiago"
-70.64955,-33.475348,61,"Gran Santiago"
-70.638,-33.467833,62,"Gran Santiago"
-70.67535,-33.44512,63,"Gran Santiago"
-70.66141,-33.454815,64,"Gran Santiago"
-70.67636,-33.459428,65,"Gran Santiago"
-70.68381,-33.46673,66,"Gran Santiago"
-70.6772,-33.580522,67,"Gran Santiago"
-70.63396,-33.406112,68,"Gran Santiago"
-70.65271,-33.406651,69,"Gran Santiago"
-70.63634,-33.408019,70,"Gran Santiago"
-70.66589,-33.400646,71,"Gran Santiago"
-70.66335,-33.445538,72,"Gran Santiago"
-70.65264,-33.406208,73,"Gran Santiago"
-70.66038,-33.400992,74,"Gran Santiago"
-70.6563,-33.424924,75,"Gran Santiago"
-70.63289,-33.457372,76,"Gran Santiago"
-70.67317,-33.468877,77,"Gran Santiago"
-70.63689,-33.457691,78,"Gran Santiago"
-70.53654,-33.403866,79,"Gran Santiago"
-70.54939,-33.388277,80,"Gran Santiago"
-70.53629,-33.420601,81,"Gran Santiago"
-70.55914,-33.389926,82,"Gran Santiago"
-70.55426,-33.426196,83,"Gran Santiago"
-70.53347,-33.416042,84,"Gran Santiago"
-70.57975,-33.388064,85,"Gran Santiago"
-70.53168,-33.42566,86,"Gran Santiago"
-70.50785,-33.35347,87,"Gran Santiago"
-70.49618,-33.36686,88,"Gran Santiago"
-70.50479,-33.361627,89,"Gran Santiago"
-70.54044,-33.405717,90,"Gran Santiago"
-70.63096,-33.446372,91,"Gran Santiago"
-70.6143,-33.424418,92,"Gran Santiago"
-70.62575,-33.443433,93,"Gran Santiago"
-70.62161,-33.430305,94,"Gran Santiago"
-70.60482,-33.42207,95,"Gran Santiago"
-70.60119,-33.43516,96,"Gran Santiago"
-70.61799,-33.432653,97,"Gran Santiago"
-70.61178,-33.43379,98,"Gran Santiago"
-70.68671,-33.590618,99,"Gran Santiago"
-70.6311415,-33.45027745,100,"Gran Santiago"
-70.56314,-33.452576,101,"Gran Santiago"
-70.53701,-33.452055,102,"Gran Santiago"
-70.54994,-33.451354,103,"Gran Santiago"
-70.56428,-33.448727,104,"Gran Santiago"
-70.53301,-33.439192,105,"Gran Santiago"
-70.57166,-33.458363,106,"Gran Santiago"
-70.6381,-33.488564,107,"Gran Santiago"
-70.558,-33.462378,108,"Gran Santiago"
-70.60652,-33.465913,109,"Gran Santiago"
-70.59407,-33.458418,110,"Gran Santiago"
-70.58044,-33.452122,111,"Gran Santiago"
-70.58307,-33.465426,112,"Gran Santiago"
-70.5808,-33.460179,113,"Gran Santiago"
-70.60064,-33.48195,114,"Gran Santiago"
-70.60645,-33.467397,115,"Gran Santiago"
-70.61146,-33.45397,116,"Gran Santiago"
-70.62379,-33.461715,117,"Gran Santiago"
-70.57259,-33.44983,118,"Gran Santiago"
-70.57996,-33.440495,119,"Gran Santiago"
-70.58109,-33.459078,120,"Gran Santiago"
-70.6011,-33.445829,121,"Gran Santiago"
-70.53148,-33.47031,122,"Gran Santiago"
-70.56404,-33.47656,123,"Gran Santiago"
-70.59402,-33.45701,124,"Gran Santiago"
-70.53795,-33.473103,125,"Gran Santiago"
-70.57434,-33.455733,126,"Gran Santiago"
-70.61848,-33.463157,127,"Gran Santiago"
-70.59376,-33.49157,128,"Gran Santiago"
-70.57178,-33.470363,129,"Gran Santiago"
-70.55257,-33.46759,130,"Gran Santiago"
-70.59441,-33.475472,131,"Gran Santiago"
-70.53209,-33.475596,132,"Gran Santiago"
-70.55628,-33.473342,133,"Gran Santiago"
-70.59768,-33.494133,134,"Gran Santiago"
-70.60693,-33.501853,135,"Gran Santiago"
-70.57463,-33.443467,136,"Gran Santiago"
-70.5906,-33.468388,137,"Gran Santiago"
-70.59179,-33.458508,138,"Gran Santiago"
-70.60948,-33.49301,139,"Gran Santiago"
-70.56402,-33.474731,140,"Gran Santiago"
-70.60632,-33.464088,141,"Gran Santiago"
-70.5876,-33.492024,142,"Gran Santiago"
-70.61997,-33.44905,143,"Gran Santiago"
-70.5783,-33.503521,144,"Gran Santiago"
-70.58173,-33.490527,145,"Gran Santiago"
-70.58673,-33.50972,146,"Gran Santiago"
-70.56511,-33.47585,147,"Gran Santiago"
-70.58282,-33.480055,148,"Gran Santiago"
-70.53464,-33.472228,149,"Gran Santiago"
-70.58625,-33.50442,150,"Gran Santiago"
-70.65482,-33.466083,151,"Gran Santiago"
-70.60499,-33.458415,152,"Gran Santiago"
-70.62638,-33.4506,153,"Gran Santiago"
-70.5642,-33.507417,154,"Gran Santiago"
-70.57884,-33.510347,155,"Gran Santiago"
-70.52528,-33.47326,156,"Gran Santiago"
-70.579,-33.470056,157,"Gran Santiago"
-70.60403,-33.48869,158,"Gran Santiago"
-70.59824,-33.467178,159,"Gran Santiago"
-70.58878,-33.481316,160,"Gran Santiago"
-70.56531,-33.468488,161,"Gran Santiago"
-70.6012,-33.519429,162,"Gran Santiago"
-70.57509,-33.532992,163,"Gran Santiago"
-70.58628,-33.510686,164,"Gran Santiago"
-70.59285,-33.518247,165,"Gran Santiago"
-70.59842,-33.541183,166,"Gran Santiago"
-70.59279,-33.56347,167,"Gran Santiago"
-70.55372,-33.512649,168,"Gran Santiago"
-70.59286,-33.565907,169,"Gran Santiago"
-70.59603,-33.560232,170,"Gran Santiago"
-70.60095,-33.537246,171,"Gran Santiago"
-70.59572,-33.558139,172,"Gran Santiago"
-70.59625,-33.567441,173,"Gran Santiago"
-70.57469,-33.56192,174,"Gran Santiago"
-70.57869,-33.56318,175,"Gran Santiago"
-70.55917,-33.559123,176,"Gran Santiago"
-70.59634,-33.545062,177,"Gran Santiago"
-70.60469,-33.546441,178,"Gran Santiago"
-70.59792,-33.53557,179,"Gran Santiago"
-70.59613,-33.529554,180,"Gran Santiago"
-70.58064,-33.516662,181,"Gran Santiago"
-70.60185,-33.55323,182,"Gran Santiago"
-70.59888,-33.530919,183,"Gran Santiago"
-70.58522,-33.518671,184,"Gran Santiago"
-70.59474,-33.558223,185,"Gran Santiago"
-70.57354,-33.553593,186,"Gran Santiago"
-70.59743,-33.522919,187,"Gran Santiago"
-70.65291,-33.486647,188,"Gran Santiago"
-70.65775,-33.489362,189,"Gran Santiago"
-70.65065,-33.490156,190,"Gran Santiago"
-70.63455,-33.500662,191,"Gran Santiago"
-70.63777,-33.514088,192,"Gran Santiago"
-70.62282,-33.489262,193,"Gran Santiago"
-70.66256,-33.507297,194,"Gran Santiago"
-70.6267,-33.49375,195,"Gran Santiago"
-70.66537,-33.488766,196,"Gran Santiago"
-70.62433,-33.505693,197,"Gran Santiago"
-70.65648,-33.485787,198,"Gran Santiago"
-70.68242,-33.491011,199,"Gran Santiago"
-70.63457,-33.503128,200,"Gran Santiago"
-70.63618,-33.478367,201,"Gran Santiago"
-70.65173,-33.507162,202,"Gran Santiago"
-70.63232,-33.490154,203,"Gran Santiago"
-70.61842,-33.521822,204,"Gran Santiago"
-70.65289,-33.486294,205,"Gran Santiago"
-70.67844,-33.48273,206,"Gran Santiago"
-70.63067,-33.513134,207,"Gran Santiago"
-70.6747,-33.505254,208,"Gran Santiago"
-70.63321,-33.516162,209,"Gran Santiago"
-70.64699,-33.506802,210,"Gran Santiago"
-70.65024,-33.487367,211,"Gran Santiago"
-70.61911,-33.49275,212,"Gran Santiago"
-70.64208,-33.50184,213,"Gran Santiago"
-70.65194,-33.523519,214,"Gran Santiago"
-70.66818,-33.478264,215,"Gran Santiago"
-70.6776,-33.502787,216,"Gran Santiago"
-70.67097,-33.507209,217,"Gran Santiago"
-70.63272,-33.487019,218,"Gran Santiago"
-70.66529,-33.482389,219,"Gran Santiago"
-70.67311,-33.491179,220,"Gran Santiago"
-70.66997,-33.479336,221,"Gran Santiago"
-70.67752,-33.489974,222,"Gran Santiago"
-70.62415804,-33.47948856,223,"Gran Santiago"
-70.66257,-33.496516,224,"Gran Santiago"
-70.61814,-33.498898,225,"Gran Santiago"
-70.643,-33.507578,226,"Gran Santiago"
-70.67916,-33.501503,227,"Gran Santiago"
-70.66593,-33.497163,228,"Gran Santiago"
-70.66587,-33.495463,229,"Gran Santiago"
-70.65865285,-33.49775758,230,"Gran Santiago"
-70.66979,-33.490684,231,"Gran Santiago"
-70.66742,-33.493148,232,"Gran Santiago"
-70.66169,-33.477958,233,"Gran Santiago"
-70.65272,-33.496863,234,"Gran Santiago"
-70.62132,-33.516984,235,"Gran Santiago"
-70.63725,-33.534813,236,"Gran Santiago"
-70.62157,-33.52826,237,"Gran Santiago"
-70.62503,-33.53469,238,"Gran Santiago"
-70.63636,-33.577615,239,"Gran Santiago"
-70.63856,-33.526603,240,"Gran Santiago"
-70.64004,-33.537623,241,"Gran Santiago"
-70.65681,-33.575913,242,"Gran Santiago"
-70.65106,-33.580265,243,"Gran Santiago"
-70.63732,-33.537295,244,"Gran Santiago"
-70.65724,-33.580154,245,"Gran Santiago"
-70.65356,-33.584111,246,"Gran Santiago"
-70.61396,-33.526655,247,"Gran Santiago"
-70.62937,-33.52038,248,"Gran Santiago"
-70.6281,-33.521848,249,"Gran Santiago"
-70.6233,-33.530031,250,"Gran Santiago"
-70.64241,-33.583271,251,"Gran Santiago"
-70.62864,-33.551126,252,"Gran Santiago"
-70.61629,-33.53416,253,"Gran Santiago"
-70.64459,-33.550884,254,"Gran Santiago"
-70.6164,-33.588472,255,"Gran Santiago"
-70.62318,-33.544388,256,"Gran Santiago"
-70.64782,-33.556105,257,"Gran Santiago"
-70.62818,-33.555123,258,"Gran Santiago"
-70.6293,-33.520109,259,"Gran Santiago"
-70.633,-33.54075,260,"Gran Santiago"
-70.63694,-33.525466,261,"Gran Santiago"
-70.6342,-33.544115,262,"Gran Santiago"
-70.62096,-33.537385,263,"Gran Santiago"
-70.6362,-33.532086,264,"Gran Santiago"
-70.63318,-33.520946,265,"Gran Santiago"
-70.63017,-33.577183,266,"Gran Santiago"
-70.64662,-33.5385,267,"Gran Santiago"
-70.63608,-33.531944,268,"Gran Santiago"
-70.65729,-33.578739,269,"Gran Santiago"
-70.62844,-33.584642,270,"Gran Santiago"
-70.63715,-33.530853,271,"Gran Santiago"
-70.61574,-33.586221,272,"Gran Santiago"
-70.64247,-33.530628,273,"Gran Santiago"
-70.64905,-33.548292,274,"Gran Santiago"
-70.63212,-33.551793,275,"Gran Santiago"
-70.61993,-33.524961,276,"Gran Santiago"
-70.6315,-33.530005,277,"Gran Santiago"
-70.65971,-33.54134,278,"Gran Santiago"
-70.68156,-33.502091,279,"Gran Santiago"
-70.65477,-33.527407,280,"Gran Santiago"
-70.66464,-33.562502,281,"Gran Santiago"
-70.67857,-33.508142,282,"Gran Santiago"
-70.68394,-33.541926,283,"Gran Santiago"
-70.66691,-33.564906,284,"Gran Santiago"
-70.67955,-33.520066,285,"Gran Santiago"
-70.65996,-33.566389,286,"Gran Santiago"
-70.68377,-33.519788,287,"Gran Santiago"
-70.69703,-33.521875,288,"Gran Santiago"
-70.66353,-33.571303,289,"Gran Santiago"
-70.65595,-33.515547,290,"Gran Santiago"
-70.69021,-33.497472,291,"Gran Santiago"
-70.68228,-33.502333,292,"Gran Santiago"
-70.67773,-33.515792,293,"Gran Santiago"
-70.68955,-33.512408,294,"Gran Santiago"
-70.69566,-33.509944,295,"Gran Santiago"
-70.69325,-33.502605,296,"Gran Santiago"
-70.65707,-33.521044,297,"Gran Santiago"
-70.66546,-33.530796,298,"Gran Santiago"
-70.69228,-33.49846,299,"Gran Santiago"
-70.66451,-33.560898,300,"Gran Santiago"
-70.65646,-33.534792,301,"Gran Santiago"
-70.66773,-33.53917,302,"Gran Santiago"
-70.6681,-33.535314,303,"Gran Santiago"
-70.69472,-33.505696,304,"Gran Santiago"
-70.68927,-33.501082,305,"Gran Santiago"
-70.69265,-33.506799,306,"Gran Santiago"
-70.65172,-33.529376,307,"Gran Santiago"
-70.67013,-33.551589,308,"Gran Santiago"
-70.66673,-33.559428,309,"Gran Santiago"
-70.65095,-33.518332,310,"Gran Santiago"
-70.67453,-33.530583,311,"Gran Santiago"
-70.66693,-33.539402,312,"Gran Santiago"
-70.65532,-33.54918,313,"Gran Santiago"
-70.6982,-33.533839,314,"Gran Santiago"
-70.66583,-33.545017,315,"Gran Santiago"
-70.65564,-33.525863,316,"Gran Santiago"
-70.69734,-33.529236,317,"Gran Santiago"
-70.66336,-33.545544,318,"Gran Santiago"
-70.66467,-33.573066,319,"Gran Santiago"
-70.66334,-33.576194,320,"Gran Santiago"
-70.68743,-33.501579,321,"Gran Santiago"
-70.69305,-33.501493,322,"Gran Santiago"
-70.69,-33.52989,323,"Gran Santiago"
-70.65822,-33.521198,324,"Gran Santiago"
-70.75174,-33.505274,325,"Gran Santiago"
-70.71088,-33.47616,326,"Gran Santiago"
-70.71815,-33.493812,327,"Gran Santiago"
-70.70289,-33.466036,328,"Gran Santiago"
-70.70921,-33.463514,329,"Gran Santiago"
-70.71027,-33.493965,330,"Gran Santiago"
-70.76308,-33.509716,331,"Gran Santiago"
-70.70517,-33.473611,332,"Gran Santiago"
-70.75084,-33.517077,333,"Gran Santiago"
-70.73827,-33.509246,334,"Gran Santiago"
-70.77111,-33.498514,335,"Gran Santiago"
-70.76529,-33.497483,336,"Gran Santiago"
-70.72539,-33.499828,337,"Gran Santiago"
-70.75012,-33.516657,338,"Gran Santiago"
-70.71648,-33.509348,339,"Gran Santiago"
-70.7826,-33.507185,340,"Gran Santiago"
-70.77625,-33.499999,341,"Gran Santiago"
-70.74956,-33.497502,342,"Gran Santiago"
-70.77297,-33.54831,343,"Gran Santiago"
-70.76746,-33.51586,344,"Gran Santiago"
-70.75602,-33.473672,345,"Gran Santiago"
-70.72421,-33.510754,346,"Gran Santiago"
-70.71658,-33.501175,347,"Gran Santiago"
-70.77584,-33.51055,348,"Gran Santiago"
-70.72022,-33.471073,349,"Gran Santiago"
-70.69881,-33.463997,350,"Gran Santiago"
-70.72374,-33.499003,351,"Gran Santiago"
-70.71267,-33.46936,352,"Gran Santiago"
-70.76293,-33.523411,353,"Gran Santiago"
-70.71202,-33.503605,354,"Gran Santiago"
-70.72524,-33.506023,355,"Gran Santiago"
-70.76418,-33.503093,356,"Gran Santiago"
-70.7752,-33.517233,357,"Gran Santiago"
-70.72601,-33.500835,358,"Gran Santiago"
-70.76144,-33.51472,359,"Gran Santiago"
-70.7542,-33.516112,360,"Gran Santiago"
-70.70917,-33.430048,361,"Gran Santiago"
-70.70439,-33.411532,362,"Gran Santiago"
-70.7093,-33.43114,363,"Gran Santiago"
-70.70376,-33.440741,364,"Gran Santiago"
-70.71493,-33.428548,365,"Gran Santiago"
-70.7093,-33.432473,366,"Gran Santiago"
-70.70082,-33.421683,367,"Gran Santiago"
-70.71012,-33.427207,368,"Gran Santiago"
-70.69548,-33.426595,369,"Gran Santiago"
-70.6983,-33.441339,370,"Gran Santiago"
-70.71,-33.439727,371,"Gran Santiago"
-70.69435,-33.445002,372,"Gran Santiago"
-70.7045,-33.425982,373,"Gran Santiago"
-70.69596,-33.431589,374,"Gran Santiago"
-70.70421,-33.455004,375,"Gran Santiago"
-70.69337,-33.416402,376,"Gran Santiago"
-70.69766,-33.447213,377,"Gran Santiago"
-70.69025,-33.431281,378,"Gran Santiago"
-70.71656,-33.429216,379,"Gran Santiago"
-70.69021,-33.43392,380,"Gran Santiago"
-70.70109,-33.431393,381,"Gran Santiago"
-70.71782,-33.425712,382,"Gran Santiago"
-70.69608,-33.42208,383,"Gran Santiago"
-70.69316,-33.447843,384,"Gran Santiago"
-70.69733,-33.447093,385,"Gran Santiago"
-70.69787,-33.42245,386,"Gran Santiago"
-70.71078,-33.414284,387,"Gran Santiago"
-70.71821,-33.424731,388,"Gran Santiago"
-70.69852,-33.439325,389,"Gran Santiago"
-70.76228,-33.414588,390,"Gran Santiago"
-70.76105,-33.432563,391,"Gran Santiago"
-70.74769,-33.436599,392,"Gran Santiago"
-70.73817,-33.434039,393,"Gran Santiago"
-70.76666,-33.432981,394,"Gran Santiago"
-70.73442,-33.426616,395,"Gran Santiago"
-70.71959,-33.442527,396,"Gran Santiago"
-70.74151,-33.432629,397,"Gran Santiago"
-70.7181,-33.450619,398,"Gran Santiago"
-70.7395,-33.437266,399,"Gran Santiago"
-70.73664,-33.440944,400,"Gran Santiago"
-70.75072,-33.447977,401,"Gran Santiago"
-70.7547,-33.434022,402,"Gran Santiago"
-70.73815,-33.444213,403,"Gran Santiago"
-70.74498,-33.449766,404,"Gran Santiago"
-70.71492,-33.455139,405,"Gran Santiago"
-70.72487,-33.417718,406,"Gran Santiago"
-70.76543,-33.44253,407,"Gran Santiago"
-70.71439,-33.444728,408,"Gran Santiago"
-70.72779,-33.435337,409,"Gran Santiago"
-70.73559,-33.451283,410,"Gran Santiago"
-70.72993368,-33.43057297,411,"Gran Santiago"
-70.74194,-33.443348,412,"Gran Santiago"
-70.76488,-33.428756,413,"Gran Santiago"
-70.7417655,-33.42543239,414,"Gran Santiago"
-70.7274,-33.449547,415,"Gran Santiago"
-70.70763,-33.453815,416,"Gran Santiago"
-70.73018,-33.451078,417,"Gran Santiago"
-70.71965,-33.448482,418,"Gran Santiago"
-70.73079,-33.440711,419,"Gran Santiago"
-70.71962,-33.421611,420,"Gran Santiago"
-70.73203,-33.437106,421,"Gran Santiago"
-70.73073,-33.449434,422,"Gran Santiago"
-70.71388,-33.451091,423,"Gran Santiago"
-70.72667,-33.421342,424,"Gran Santiago"
-70.75243,-33.438629,425,"Gran Santiago"
-70.74495,-33.413792,426,"Gran Santiago"
-70.73445,-33.4523,427,"Gran Santiago"
-70.73473,-33.424566,428,"Gran Santiago"
-70.7162,-33.445087,429,"Gran Santiago"
-70.7641,-33.431947,430,"Gran Santiago"
-70.75238,-33.437025,431,"Gran Santiago"
-70.75761,-33.41661,432,"Gran Santiago"
-70.70056,-33.40439,433,"Gran Santiago"
-70.7237,-33.402988,434,"Gran Santiago"
-70.66944,-33.41894,435,"Gran Santiago"
-70.71227,-33.405051,436,"Gran Santiago"
-70.71058,-33.40484,437,"Gran Santiago"
-70.68531,-33.416332,438,"Gran Santiago"
-70.73007,-33.403898,439,"Gran Santiago"
-70.69645,-33.393295,440,"Gran Santiago"
-70.67655,-33.421766,441,"Gran Santiago"
-70.73666,-33.404536,442,"Gran Santiago"
-70.70423,-33.400765,443,"Gran Santiago"
-70.67557,-33.419875,444,"Gran Santiago"
-70.6928,-33.408262,445,"Gran Santiago"
-70.67123,-33.417759,446,"Gran Santiago"
-70.71987,-33.404469,447,"Gran Santiago"
-70.70752,-33.403333,448,"Gran Santiago"
-70.68889,-33.41037,449,"Gran Santiago"
-70.70577,-33.403719,450,"Gran Santiago"
-70.70564,-33.405064,451,"Gran Santiago"
-70.69227,-33.407231,452,"Gran Santiago"
-70.73559,-33.36682,453,"Gran Santiago"
-70.74385,-33.370816,454,"Gran Santiago"
-70.73572,-33.369567,455,"Gran Santiago"
-70.69108,-33.370031,456,"Gran Santiago"
-70.66311,-33.396367,457,"Gran Santiago"
-70.65082,-33.392568,458,"Gran Santiago"
-70.66824,-33.399299,459,"Gran Santiago"
-70.67685,-33.381539,460,"Gran Santiago"
-70.64102,-33.396069,461,"Gran Santiago"
-70.67835,-33.371527,462,"Gran Santiago"
-70.66151,-33.38703,463,"Gran Santiago"
-70.65981,-33.382361,464,"Gran Santiago"
-70.65194,-33.384328,465,"Gran Santiago"
-70.63978,-33.398127,466,"Gran Santiago"
-70.64526,-33.385164,467,"Gran Santiago"
-70.66044,-33.379849,468,"Gran Santiago"
-70.66643,-33.3895,469,"Gran Santiago"
-70.68576,-33.380611,470,"Gran Santiago"
-70.69333,-33.377504,471,"Gran Santiago"
-70.66924,-33.399516,472,"Gran Santiago"
-70.67305,-33.406382,473,"Gran Santiago"
-70.67227,-33.3786,474,"Gran Santiago"
-70.64242,-33.374013,475,"Gran Santiago"
-70.66296,-33.397293,476,"Gran Santiago"
-70.62421,-33.406272,477,"Gran Santiago"
-70.67838,-33.388708,478,"Gran Santiago"
-70.62561,-33.412426,479,"Gran Santiago"
-70.64312,-33.378536,480,"Gran Santiago"
-70.64829,-33.404495,481,"Gran Santiago"
-70.64029,-33.37479,482,"Gran Santiago"
-70.64491,-33.404262,483,"Gran Santiago"
-70.6727,-33.412688,484,"Gran Santiago"
-70.67462,-33.391124,485,"Gran Santiago"
-70.63631,-33.398363,486,"Gran Santiago"
-70.67257,-33.396652,487,"Gran Santiago"
-70.6396,-33.374983,488,"Gran Santiago"
-70.65271,-33.396047,489,"Gran Santiago"
-70.6349,-33.407795,490,"Gran Santiago"
-70.66739,-33.393118,491,"Gran Santiago"
-70.68014,-33.37182,492,"Gran Santiago"
-70.64568,-33.39701,493,"Gran Santiago"
-70.67643,-33.401738,494,"Gran Santiago"
-70.63224,-33.359851,495,"Gran Santiago"
-70.67378,-33.390987,496,"Gran Santiago"
-70.63257,-33.401331,497,"Gran Santiago"
-70.64248,-33.388827,498,"Gran Santiago"
-70.67106,-33.384197,499,"Gran Santiago"
-70.65112,-33.400203,500,"Gran Santiago"
-70.57103,-33.611373,501,"Gran Santiago"
-70.58717,-33.627789,502,"Gran Santiago"
-70.58904,-33.617529,503,"Gran Santiago"
-70.57171,-33.616011,504,"Gran Santiago"
-70.56332,-33.61416,505,"Gran Santiago"
-70.57067,-33.603403,506,"Gran Santiago"
-70.59179,-33.608974,507,"Gran Santiago"
-70.52704,-33.608157,508,"Gran Santiago"
-70.57549,-33.58544,509,"Gran Santiago"
-70.58733,-33.577161,510,"Gran Santiago"
-70.58053,-33.61248,511,"Gran Santiago"
-70.58215,-33.605391,512,"Gran Santiago"
-70.57005,-33.61105,513,"Gran Santiago"
-70.5795,-33.608849,514,"Gran Santiago"
-70.58178,-33.610258,515,"Gran Santiago"
-70.57337,-33.603713,516,"Gran Santiago"
-70.56671,-33.606826,517,"Gran Santiago"
-70.52036,-33.606737,518,"Gran Santiago"
-70.58169,-33.595161,519,"Gran Santiago"
-70.57996,-33.591253,520,"Gran Santiago"
-70.60876,-33.583088,521,"Gran Santiago"
-70.57237,-33.580333,522,"Gran Santiago"
-70.57972,-33.592795,523,"Gran Santiago"
-70.57574,-33.582524,524,"Gran Santiago"
-70.60788,-33.58063,525,"Gran Santiago"
-70.55341,-33.584209,526,"Gran Santiago"
-70.70427,-33.593999,527,"Gran Santiago"
-70.70695,-33.594286,528,"Gran Santiago"
-70.69877,-33.604024,529,"Gran Santiago"
-70.69452,-33.592469,530,"Gran Santiago"
-70.70944,-33.584167,531,"Gran Santiago"
-70.68772,-33.570626,532,"Gran Santiago"
-70.69238,-33.583656,533,"Gran Santiago"
-70.67534,-33.562135,534,"Gran Santiago"
-70.70619,-33.580978,535,"Gran Santiago"
-70.68113,-33.566261,536,"Gran Santiago"
-70.70353,-33.58902,537,"Gran Santiago"
-70.69771,-33.604298,538,"Gran Santiago"
-70.68467,-33.603903,539,"Gran Santiago"
-70.70923,-33.638903,540,"Gran Santiago"
-70.70662,-33.606305,541,"Gran Santiago"
-70.69595,-33.577671,542,"Gran Santiago"
-70.70066,-33.58811,543,"Gran Santiago"
-70.69274,-33.616356,544,"Gran Santiago"
-70.69228,-33.619822,545,"Gran Santiago"
-70.7012,-33.580641,546,"Gran Santiago"
-70.70628,-33.564335,547,"Gran Santiago"
-70.67547,-33.639104,548,"Gran Santiago"
-70.73015,-33.553551,549,"Gran Santiago"
-70.70291,-33.605248,550,"Gran Santiago"
-70.6744,-33.553132,551,"Gran Santiago"
-70.70298,-33.606577,552,"Gran Santiago"
-70.69615,-33.584964,553,"Gran Santiago"
-70.68152,-33.583523,554,"Gran Santiago"
-70.68362,-33.568475,555,"Gran Santiago"
-70.68249,-33.564144,556,"Gran Santiago"
-70.69162,-33.573759,557,"Gran Santiago"
-70.6812,-33.562349,558,"Gran Santiago"
-70.71131,-33.570685,559,"Gran Santiago"
-70.68615,-33.499417,560,"Gran Santiago"
-70.6919,-33.484016,561,"Gran Santiago"
-70.64176,-33.41735,562,"Gran Santiago"
-70.56897,-33.472733,563,"Gran Santiago"
-70.59534,-33.539254,564,"Gran Santiago"
-70.59708,-33.56185,565,"Gran Santiago"
-70.60956,-33.555694,566,"Gran Santiago"
-70.57871,-33.510475,567,"Gran Santiago"
-70.62425,-33.582706,568,"Gran Santiago"
-70.64428,-33.579983,569,"Gran Santiago"
-70.63783,-33.612921,570,"Gran Santiago"
-70.6522,-33.488639,571,"Gran Santiago"
-70.66997,-33.568786,572,"Gran Santiago"
-70.72681,-33.507526,573,"Gran Santiago"
-70.77258,-33.544954,574,"Gran Santiago"
-70.71884,-33.455585,575,"Gran Santiago"
-70.68422,-33.413475,576,"Gran Santiago"
-70.70629,-33.585224,577,"Gran Santiago"
-70.61769,-33.508158,578,"Gran Santiago"
-70.57572,-33.576565,579,"Gran Santiago"
-70.61233,-33.589935,580,"Gran Santiago"
-70.64812,-33.496367,581,"Gran Santiago"
-70.62961,-33.496145,582,"Gran Santiago"
-70.64985,-33.528692,583,"Gran Santiago"
-70.6674,-33.539548,584,"Gran Santiago"
-70.78584,-33.51625,585,"Gran Santiago"
-70.58261,-33.565022,586,"Gran Santiago"
-70.60557,-33.537899,587,"Gran Santiago"
-70.65533,-33.390451,588,"Gran Santiago"
-70.62428,-33.553774,589,"Gran Santiago"
-70.65571,-33.534847,590,"Gran Santiago"
-70.62163,-33.445556,591,"Gran Santiago"
-70.65893,-33.543573,592,"Gran Santiago"
-70.72929,-33.477943,593,"Gran Santiago"
-70.61002,-33.626463,594,"Gran Santiago"
-70.57338,-33.565061,595,"Gran Santiago"
-70.56431,-33.512345,596,"Gran Santiago"
-70.60184,-33.44909,597,"Gran Santiago"
-70.58466,-33.56287,598,"Gran Santiago"
-70.599,-33.533346,599,"Gran Santiago"
-70.67677,-33.5082,600,"Gran Santiago"
-70.64956,-33.578781,601,"Gran Santiago"
-70.63425,-33.50473,602,"Gran Santiago"
-70.56817457,-33.60702401,603,"Gran Santiago"
-70.58238729,-33.57852061,604,"Gran Santiago"
-70.76293,-33.445422,605,"Gran Santiago"
-70.6724,-33.46665,606,"Gran Santiago"
-70.67078,-33.505634,607,"Gran Santiago"
-70.64583,-33.54037,608,"Gran Santiago"
-70.57967,-33.470421,609,"Gran Santiago"
-70.67327,-33.397083,610,"Gran Santiago"
-70.50549,-33.361154,611,"Gran Santiago"
-70.57169,-33.608852,612,"Gran Santiago"
-70.70001,-33.426762,613,"Gran Santiago"
-70.729,-33.410877,614,"Gran Santiago"
-70.56632,-33.576056,615,"Gran Santiago"
-70.56091,-33.469975,616,"Gran Santiago"
-70.79134,-33.557051,617,"Gran Santiago"
-70.77408,-33.52136,618,"Gran Santiago"
-70.72994,-33.411438,619,"Gran Santiago"
-70.62555,-33.595292,620,"Gran Santiago"
-70.76062,-33.496388,621,"Gran Santiago"
-70.75857,-33.447166,622,"Gran Santiago"
-70.7575,-33.428502,623,"Gran Santiago"
-70.65844,-33.512074,624,"Gran Santiago"
-70.55095,-33.57914,625,"Gran Santiago"
-70.62355,-33.626669,626,"Gran Santiago"
-70.60474,-33.422236,627,"Gran Santiago"
-70.69572,-33.408464,628,"Gran Santiago"
-70.50701,-33.350824,629,"Gran Santiago"
-70.69373,-33.532816,630,"Gran Santiago"
-70.72909,-33.399911,631,"Gran Santiago"
-70.76922,-33.526875,632,"Gran Santiago"
-70.7048,-33.365307,633,"Gran Santiago"
-70.70284,-33.405575,634,"Gran Santiago"
-70.73785,-33.40939,635,"Gran Santiago"
-70.67157,-33.443184,636,"Gran Santiago"
-70.70183,-33.626816,637,"Gran Santiago"
-70.6711,-33.568717,638,"Gran Santiago"
-70.57987,-33.547466,639,"Gran Santiago"
-70.72552,-33.471707,640,"Gran Santiago"
-70.62708,-33.597454,641,"Gran Santiago"
-70.62792,-33.559293,642,"Gran Santiago"
-70.61819,-33.55565,643,"Gran Santiago"
-70.56432,-33.400092,644,"Gran Santiago"
-70.6275,-33.374654,645,"Gran Santiago"
-70.64753,-33.39501,646,"Gran Santiago"
-70.64824,-33.393963,647,"Gran Santiago"
-70.50332,-33.359885,648,"Gran Santiago"
-70.70303,-33.43989,649,"Gran Santiago"
-70.56903,-33.561156,650,"Gran Santiago"
-70.6553,-33.480546,651,"Gran Santiago"
-70.62025,-33.523932,652,"Gran Santiago"
-70.76089,-33.457768,653,"Gran Santiago"
-70.72015,-33.401331,654,"Gran Santiago"
-70.71164,-33.402296,655,"Gran Santiago"
-70.77083,-33.429813,656,"Gran Santiago"
-70.65299,-33.51857,657,"Gran Santiago"
-70.76107,-33.42809,658,"Gran Santiago"
-70.59731,-33.581222,659,"Gran Santiago"
-70.63068,-33.592717,660,"Gran Santiago"
-70.63033,-33.53915,661,"Gran Santiago"
-70.63626,-33.367626,662,"Gran Santiago"
-70.75335,-33.463317,663,"Gran Santiago"
-70.57257,-33.583219,664,"Gran Santiago"
-70.53573,-33.473917,665,"Gran Santiago"
-70.77879,-33.517124,666,"Gran Santiago"
-70.60837,-33.624896,667,"Gran Santiago"
-70.76397,-33.522978,668,"Gran Santiago"
-70.63015,-33.564349,669,"Gran Santiago"
-70.66425,-33.376976,670,"Gran Santiago"
-70.61508,-33.595285,671,"Gran Santiago"
-70.74526,-33.416768,672,"Gran Santiago"
-70.75913,-33.45653,673,"Gran Santiago"
-70.58479,-33.516937,674,"Gran Santiago"
-70.60883,-33.616204,675,"Gran Santiago"
-70.60862,-33.626183,676,"Gran Santiago"
-70.56522,-33.567063,677,"Gran Santiago"
-70.68707,-33.496944,678,"Gran Santiago"
-70.60216,-33.591961,679,"Gran Santiago"
-70.72216,-33.501108,680,"Gran Santiago"
-70.6679,-33.584485,681,"Gran Santiago"
-70.5638,-33.484359,682,"Gran Santiago"
-70.75098,-33.362988,683,"Gran Santiago"
-70.76289,-33.441788,684,"Gran Santiago"
-70.70372,-33.434437,685,"Gran Santiago"
-70.60374,-33.562657,686,"Gran Santiago"
-70.77342,-33.529498,687,"Gran Santiago"
-70.74272,-33.465021,688,"Gran Santiago"
-70.55939,-33.580901,689,"Gran Santiago"
-70.55671,-33.575079,690,"Gran Santiago"
-70.59302,-33.614522,691,"Gran Santiago"
-70.50599,-33.357883,692,"Gran Santiago"
-70.67846,-33.598136,693,"Gran Santiago"
-70.7595,-33.442406,694,"Gran Santiago"
-70.61784,-33.557085,695,"Gran Santiago"
-70.56218,-33.607566,696,"Gran Santiago"
-70.71735,-33.43407,697,"Gran Santiago"
-70.62369,-33.55529,698,"Gran Santiago"
-70.62743,-33.583047,699,"Gran Santiago"
-70.6882,-33.499943,700,"Gran Santiago"
-70.64788,-33.480167,701,"Gran Santiago"
-70.61026,-33.530514,702,"Gran Santiago"
-70.77671,-33.531084,703,"Gran Santiago"
-70.52837,-33.479886,704,"Gran Santiago"
-70.60163,-33.471638,705,"Gran Santiago"
-70.58167,-33.582241,706,"Gran Santiago"
-70.68838,-33.490519,707,"Gran Santiago"
-70.75438,-33.50538,708,"Gran Santiago"
-70.67616,-33.429009,709,"Gran Santiago"
-70.58656,-33.48072,710,"Gran Santiago"
-70.61489,-33.58372,711,"Gran Santiago"
-70.61321,-33.470215,712,"Gran Santiago"
-70.57912,-33.624291,713,"Gran Santiago"
-70.66449,-33.454685,714,"Gran Santiago"
-70.65467,-33.417364,715,"Gran Santiago"
-70.76512,-33.509194,716,"Gran Santiago"
-70.73456,-33.464355,717,"Gran Santiago"
-70.6567,-33.484188,718,"Gran Santiago"
-70.58151,-33.5768,719,"Gran Santiago"
-70.65644,-33.484506,720,"Gran Santiago"
-70.55383,-33.507904,721,"Gran Santiago"
-70.64268,-33.460967,722,"Gran Santiago"
-70.52301,-33.60756,723,"Gran Santiago"
-70.74387,-33.41065,724,"Gran Santiago"
-70.72208,-33.405937,725,"Gran Santiago"
-70.60793,-33.626083,726,"Gran Santiago"
-70.63248,-33.456654,727,"Gran Santiago"
-70.69807,-33.531044,728,"Gran Santiago"
-70.76733,-33.50589,729,"Gran Santiago"
-70.6203,-33.595822,730,"Gran Santiago"
-70.68903,-33.51533,731,"Gran Santiago"
-70.77053,-33.5257,732,"Gran Santiago"
-70.67055,-33.562286,733,"Gran Santiago"
-70.67364,-33.438619,734,"Gran Santiago"
-70.70695,-33.598537,735,"Gran Santiago"
-70.53121,-33.473652,736,"Gran Santiago"
-70.68116,-33.436082,737,"Gran Santiago"
-70.65738,-33.558909,738,"Gran Santiago"
-70.7702,-33.52125,739,"Gran Santiago"
-70.55281,-33.610165,740,"Gran Santiago"
-70.63565,-33.50355,741,"Gran Santiago"
-70.75364,-33.50666,742,"Gran Santiago"
-70.68139,-33.49125,743,"Gran Santiago"
-70.7691,-33.526533,744,"Gran Santiago"
-70.73866,-33.46345,745,"Gran Santiago"
-70.66927,-33.491367,746,"Gran Santiago"
-70.66522,-33.5583,747,"Gran Santiago"
-70.61155,-33.46011,748,"Gran Santiago"
-70.56854,-33.59305,749,"Gran Santiago"
-70.77792,-33.539069,750,"Gran Santiago"
-70.74602,-33.461525,751,"Gran Santiago"
-70.5456,-33.470681,752,"Gran Santiago"
-70.72146,-33.36687,753,"Gran Santiago"
-70.67109,-33.473824,754,"Gran Santiago"
-70.58013,-33.51634,755,"Gran Santiago"
-70.62455,-33.632581,756,"Gran Santiago"
-70.66975,-33.38333,757,"Gran Santiago"
-70.7888,-33.509882,758,"Gran Santiago"
-70.71127,-33.413025,759,"Gran Santiago"
-70.65445,-33.549347,760,"Gran Santiago"
-70.68466,-33.57502,761,"Gran Santiago"
-70.62766,-33.618784,762,"Gran Santiago"
-70.79515,-33.513694,763,"Gran Santiago"
-70.69467,-33.5904,764,"Gran Santiago"
-70.62116,-33.529713,765,"Gran Santiago"
-70.66873,-33.580482,766,"Gran Santiago"
-70.75346,-33.362317,767,"Gran Santiago"
-70.7544,-33.428657,768,"Gran Santiago"
-70.70616,-33.422462,769,"Gran Santiago"
-70.49713,-33.364197,770,"Gran Santiago"
-70.75389,-33.4283,771,"Gran Santiago"
-70.69727,-33.44538,772,"Gran Santiago"
-70.68645,-33.462997,773,"Gran Santiago"
-70.56524,-33.560165,774,"Gran Santiago"
-70.67706,-33.571064,775,"Gran Santiago"
-70.65144,-33.402752,776,"Gran Santiago"
-70.63022,-33.589653,777,"Gran Santiago"
-70.6367,-33.547203,778,"Gran Santiago"
-70.66537,-33.49021,779,"Gran Santiago"
-70.60367,-33.55197,780,"Gran Santiago"
-70.7748,-33.51645,781,"Gran Santiago"
-70.57933,-33.55702,782,"Gran Santiago"
-70.7138,-33.445263,783,"Gran Santiago"
-70.72522,-33.400745,784,"Gran Santiago"
-70.69183,-33.534393,785,"Gran Santiago"
-70.55314,-33.462334,786,"Gran Santiago"
-70.69374,-33.442327,787,"Gran Santiago"
-70.56126,-33.45803,788,"Gran Santiago"
-70.61635,-33.583593,789,"Gran Santiago"
-70.79783,-33.511543,790,"Gran Santiago"
-70.75506,-33.510952,791,"Gran Santiago"
-70.55951,-33.60263,792,"Gran Santiago"
-70.74281,-33.47497,793,"Gran Santiago"
-70.72488,-33.489876,794,"Gran Santiago"
-70.68152,-33.583523,795,"Gran Santiago"
-70.66451,-33.560898,796,"Gran Santiago"
-70.57214,-33.570385,797,"Gran Santiago"
-70.65482,-33.549305,798,"Gran Santiago"
-70.60581,-33.620415,799,"Gran Santiago"
-70.69284,-33.597397,800,"Gran Santiago"
-70.76811,-33.509,801,"Gran Santiago"
-70.69447,-33.57255,802,"Gran Santiago"
-70.76955,-33.5141,803,"Gran Santiago"
-70.7773,-33.52142,804,"Gran Santiago"
-70.5854,-33.61482,805,"Gran Santiago"
-70.56759,-33.454884,806,"Gran Santiago"
-70.63798,-33.47228,807,"Gran Santiago"
-70.6135,-33.617529,808,"Gran Santiago"
-70.72429,-33.369351,809,"Gran Santiago"
-70.63842,-33.61783,810,"Gran Santiago"
-70.53805,-33.46482,811,"Gran Santiago"
-70.62679,-33.396076,812,"Gran Santiago"
-70.65962,-33.563236,813,"Gran Santiago"
-70.70196,-33.584774,814,"Gran Santiago"
-70.70074,-33.569987,815,"Gran Santiago"
-70.72945,-33.36941,816,"Gran Santiago"
-70.76745,-33.416523,817,"Gran Santiago"
-70.63087,-33.561884,818,"Gran Santiago"
-70.75496,-33.443085,819,"Gran Santiago"
-70.7585,-33.494743,820,"Gran Santiago"
-70.70066,-33.414494,821,"Gran Santiago"
-70.74833,-33.50017,822,"Gran Santiago"
-70.56674,-33.60198,823,"Gran Santiago"
-70.63228,-33.411354,824,"Gran Santiago"
-70.62857,-33.624149,825,"Gran Santiago"
-70.57549,-33.537815,826,"Gran Santiago"
-70.70276,-33.458546,827,"Gran Santiago"
-70.678,-33.44296,828,"Gran Santiago"
-70.63165,-33.409252,829,"Gran Santiago"
-70.76352,-33.442276,830,"Gran Santiago"
-70.57002,-33.523582,831,"Gran Santiago"
-70.57698,-33.47388,832,"Gran Santiago"
-70.55441,-33.451485,833,"Gran Santiago"
-70.67698,-33.369427,834,"Gran Santiago"
-70.62688,-33.39862,835,"Gran Santiago"
-70.73988,-33.358597,836,"Gran Santiago"
-70.62308,-33.518036,837,"Gran Santiago"
-70.59227,-33.625042,838,"Gran Santiago"
-70.50469,-33.361164,839,"Gran Santiago"
-70.60868,-33.626839,840,"Gran Santiago"
-70.63063,-33.532368,841,"Gran Santiago"
-70.56043,-33.612793,842,"Gran Santiago"
-70.55799,-33.558586,843,"Gran Santiago"
-70.61403,-33.511353,844,"Gran Santiago"
-70.64721,-33.468243,845,"Gran Santiago"
-70.66221,-33.519806,846,"Gran Santiago"
-70.5863,-33.5572,847,"Gran Santiago"
-70.73798,-33.40411,848,"Gran Santiago"
-70.67477,-33.552229,849,"Gran Santiago"
-70.75079,-33.467636,850,"Gran Santiago"
-70.69604,-33.41464,851,"Gran Santiago"
-70.7749,-33.51066,852,"Gran Santiago"
-70.72551,-33.493546,853,"Gran Santiago"
-70.6709,-33.37656,854,"Gran Santiago"
-70.58694,-33.605114,855,"Gran Santiago"
-70.75704,-33.524353,856,"Gran Santiago"
-70.62365,-33.627431,857,"Gran Santiago"
-70.56368,-33.42236,858,"Gran Santiago"
-70.65436946,-33.49805151,859,"Gran Santiago"
-70.6666,-33.568607,860,"Gran Santiago"
-70.7534,-33.445107,861,"Gran Santiago"
-70.7399,-33.355493,862,"Gran Santiago"
-70.59663,-33.58108,863,"Gran Santiago"
-70.56735,-33.588708,864,"Gran Santiago"
-70.72764,-33.426586,865,"Gran Santiago"
-70.69292,-33.601276,866,"Gran Santiago"
-70.59296,-33.608547,867,"Gran Santiago"
-70.58066,-33.58247,868,"Gran Santiago"
-70.76395,-33.51517,869,"Gran Santiago"
-70.63133,-33.375095,870,"Gran Santiago"
-70.58466,-33.446476,871,"Gran Santiago"
-70.63697,-33.50371,872,"Gran Santiago"
-70.70261,-33.603985,873,"Gran Santiago"
-70.73415,-33.48862,874,"Gran Santiago"
-70.79245,-33.519165,875,"Gran Santiago"
-70.59286,-33.54679,876,"Gran Santiago"
-70.62514,-33.564444,877,"Gran Santiago"
-70.63988,-33.487201,878,"Gran Santiago"
-70.629,-33.490093,879,"Gran Santiago"
-70.72925,-33.36146,880,"Gran Santiago"
-70.6497,-33.536316,881,"Gran Santiago"
-70.73692,-33.358668,882,"Gran Santiago"
-70.79033,-33.509722,883,"Gran Santiago"
-70.5685,-33.595737,884,"Gran Santiago"
-70.73504,-33.37074,885,"Gran Santiago"
-70.58124,-33.625463,886,"Gran Santiago"
-70.57889,-33.582798,887,"Gran Santiago"
-70.64427,-33.564345,888,"Gran Santiago"
-70.62518,-33.454105,889,"Gran Santiago"
-70.72221,-33.443954,890,"Gran Santiago"
-70.71826,-33.448284,891,"Gran Santiago"
-70.76997,-33.53514,892,"Gran Santiago"
-70.73708,-33.480331,893,"Gran Santiago"
-70.70464,-33.58129,894,"Gran Santiago"
-70.63827,-33.456388,895,"Gran Santiago"
-70.58714,-33.5694,896,"Gran Santiago"
-70.60368,-33.490845,897,"Gran Santiago"
-70.62756,-33.543896,898,"Gran Santiago"
-70.66329,-33.520695,899,"Gran Santiago"
-70.67976,-33.383812,900,"Gran Santiago"
-70.66044,-33.498413,901,"Gran Santiago"
-70.73547,-33.420578,902,"Gran Santiago"
-70.66487,-33.552643,903,"Gran Santiago"
-70.75548,-33.456428,904,"Gran Santiago"
-70.64124,-33.374357,905,"Gran Santiago"
-70.62528,-33.498474,906,"Gran Santiago"
-70.55762,-33.465875,907,"Gran Santiago"
-70.6933,-33.599747,908,"Gran Santiago"
-70.58699,-33.6146,909,"Gran Santiago"
-70.69358,-33.429283,910,"Gran Santiago"
-70.694,-33.59931,911,"Gran Santiago"
-70.68974,-33.359146,912,"Gran Santiago"
-70.7252,-33.418186,913,"Gran Santiago"
-70.77229,-33.432401,914,"Gran Santiago"
-70.57527,-33.537212,915,"Gran Santiago"
-70.74399,-33.366181,916,"Gran Santiago"
-70.71366,-33.415886,917,"Gran Santiago"
-70.59506,-33.55835,918,"Gran Santiago"
-70.60138,-33.594677,919,"Gran Santiago"
-70.67058,-33.48271,920,"Gran Santiago"
-70.66312,-33.496584,921,"Gran Santiago"
-70.60368,-33.51249,922,"Gran Santiago"
-70.70839,-33.59869,923,"Gran Santiago"
-70.66254,-33.417583,924,"Gran Santiago"
-70.67919,-33.442306,925,"Gran Santiago"
-70.68001,-33.603901,926,"Gran Santiago"
-70.76931,-33.437172,927,"Gran Santiago"
-70.77853,-33.48854,928,"Gran Santiago"
-70.69161,-33.4564,929,"Gran Santiago"
-70.72793,-33.496162,930,"Gran Santiago"
-70.73511,-33.36917,931,"Gran Santiago"
-70.59556,-33.541805,932,"Gran Santiago"
-70.75769,-33.364773,933,"Gran Santiago"
-70.67847,-33.44288,934,"Gran Santiago"
-70.59252,-33.48604,935,"Gran Santiago"
-70.58549,-33.53416,936,"Gran Santiago"
-70.69856,-33.597473,937,"Gran Santiago"
-70.55381,-33.46201,938,"Gran Santiago"
-70.63713,-33.622128,939,"Gran Santiago"
-70.67429,-33.580173,940,"Gran Santiago"
-70.57281,-33.503056,941,"Gran Santiago"
-70.64433,-33.40885,942,"Gran Santiago"
-70.66321,-33.575019,943,"Gran Santiago"
-70.61009,-33.49097,944,"Gran Santiago"
-70.67702,-33.378746,945,"Gran Santiago"
-70.62683,-33.612284,946,"Gran Santiago"
-70.78733,-33.538048,947,"Gran Santiago"
-70.59583,-33.551052,948,"Gran Santiago"
-70.56959,-33.56114,949,"Gran Santiago"
-70.69373,-33.601543,950,"Gran Santiago"
-70.58655,-33.503515,951,"Gran Santiago"
-70.67542,-33.417183,952,"Gran Santiago"
-70.71963,-33.370636,953,"Gran Santiago"
-70.74173,-33.403779,954,"Gran Santiago"
-70.57014,-33.527214,955,"Gran Santiago"
-70.58595,-33.58666,956,"Gran Santiago"
-70.67363,-33.587868,957,"Gran Santiago"
-70.69045,-33.50462,958,"Gran Santiago"
-70.56986,-33.60857,959,"Gran Santiago"
-70.76216,-33.49707,960,"Gran Santiago"
-70.78384,-33.506977,961,"Gran Santiago"
-70.5855,-33.624542,962,"Gran Santiago"
-70.57748,-33.553326,963,"Gran Santiago"
-70.76331,-33.498795,964,"Gran Santiago"
-70.673,-33.581608,965,"Gran Santiago"
-70.77142,-33.433661,966,"Gran Santiago"
-70.72107,-33.499229,967,"Gran Santiago"
-70.589,-33.604702,968,"Gran Santiago"
-70.71721,-33.501473,969,"Gran Santiago"
-70.59348,-33.588203,970,"Gran Santiago"
-70.56679,-33.584152,971,"Gran Santiago"
-70.64101,-33.519566,972,"Gran Santiago"
-70.60197,-33.54956,973,"Gran Santiago"
-70.59374,-33.550377,974,"Gran Santiago"
-70.57491,-33.5338,975,"Gran Santiago"
-70.56178,-33.58254,976,"Gran Santiago"
-70.77107,-33.514816,977,"Gran Santiago"
-70.68932,-33.57278,978,"Gran Santiago"
-70.57517,-33.558163,979,"Gran Santiago"
-70.72022,-33.471806,980,"Gran Santiago"
-70.67367,-33.551,981,"Gran Santiago"
-70.6583,-33.585575,982,"Gran Santiago"
-70.565,-33.521263,983,"Gran Santiago"
-70.72036,-33.42759,984,"Gran Santiago"
-70.62614,-33.5161,985,"Gran Santiago"
-70.68134,-33.375405,986,"Gran Santiago"
-70.73601,-33.40348,987,"Gran Santiago"
-70.71209,-33.606495,988,"Gran Santiago"
-70.68467,-33.55097,989,"Gran Santiago"
-70.58687,-33.548996,990,"Gran Santiago"
-70.60375,-33.524403,991,"Gran Santiago"
-70.69907,-33.604267,992,"Gran Santiago"
-70.64905,-33.38804,993,"Gran Santiago"
-70.53011,-33.452213,994,"Gran Santiago"
-70.76043,-33.51682,995,"Gran Santiago"
-70.62814,-33.502477,996,"Gran Santiago"
-70.64266,-33.40428,997,"Gran Santiago"
-70.64314,-33.40827,998,"Gran Santiago"
-70.74284,-33.426426,999,"Gran Santiago"
-70.63336,-33.53252,1000,"Gran Santiago"
-70.56517,-33.57437,1001,"Gran Santiago"
-70.70859,-33.61013,1002,"Gran Santiago"
-70.78404,-33.53431,1003,"Gran Santiago"
-70.65228,-33.558456,1004,"Gran Santiago"
-70.60776,-33.459652,1005,"Gran Santiago"
-70.78313,-33.54334,1006,"Gran Santiago"
-70.66893,-33.54313,1007,"Gran Santiago"
-70.67392,-33.579863,1008,"Gran Santiago"
-70.63245,-33.54155,1009,"Gran Santiago"
-70.60683,-33.46868,1010,"Gran Santiago"
-70.673,-33.588894,1011,"Gran Santiago"
-70.67728,-33.44396,1012,"Gran Santiago"
-70.74194,-33.435455,1013,"Gran Santiago"
-70.66802,-33.55216,1014,"Gran Santiago"
-70.71043,-33.437565,1015,"Gran Santiago"
-70.71932,-33.480835,1016,"Gran Santiago"
-70.6328,-33.360386,1017,"Gran Santiago"
-70.66711,-33.561188,1018,"Gran Santiago"
-70.7351,-33.412514,1019,"Gran Santiago"
-70.58815,-33.53446,1020,"Gran Santiago"
-70.70553,-33.616264,1021,"Gran Santiago"
-70.75051,-33.465926,1022,"Gran Santiago"
-70.70263,-33.525181,1023,"Gran Santiago"
-70.56898,-33.603615,1024,"Gran Santiago"
-70.49829,-33.37331,1025,"Gran Santiago"
-70.75233,-33.397851,1026,"Gran Santiago"
-70.70219,-33.563515,1027,"Gran Santiago"
-70.60592,-33.477715,1028,"Gran Santiago"
-70.67117,-33.606956,1029,"Gran Santiago"
-70.57383,-33.561789,1030,"Gran Santiago"
-70.76267,-33.512657,1031,"Gran Santiago"
-70.53383,-33.49219,1032,"Gran Santiago"
-70.62885,-33.589943,1033,"Gran Santiago"
-70.61511,-33.4297,1034,"Gran Santiago"
-70.58675,-33.43083,1035,"Gran Santiago"
-70.74811,-33.416233,1036,"Gran Santiago"
-70.6914,-33.628666,1037,"Gran Santiago"
-70.70527,-33.60676,1038,"Gran Santiago"
-70.71841,-33.48987,1039,"Gran Santiago"
-70.68826,-33.581337,1040,"Gran Santiago"
-70.77921,-33.518543,1041,"Gran Santiago"
-70.65582,-33.547592,1042,"Gran Santiago"
-70.70081,-33.543156,1043,"Gran Santiago"
-70.63061,-33.55961,1044,"Gran Santiago"
-70.75714,-33.52412,1045,"Gran Santiago"
-70.66745,-33.597525,1046,"Gran Santiago"
-70.74103,-33.44449,1047,"Gran Santiago"
-70.64378,-33.53038,1048,"Gran Santiago"
-70.57834,-33.562847,1049,"Gran Santiago"
-70.63532,-33.513898,1050,"Gran Santiago"
-70.70948,-33.446686,1051,"Gran Santiago"
-70.73637,-33.361496,1052,"Gran Santiago"
-70.75623,-33.53315,1053,"Gran Santiago"
-70.53291,-33.50122,1054,"Gran Santiago"
-70.71539,-33.51953,1055,"Gran Santiago"
-70.65338,-33.52046,1056,"Gran Santiago"
-70.57465,-33.59897,1057,"Gran Santiago"
-70.62726,-33.56465,1058,"Gran Santiago"
-70.66547,-33.506172,1059,"Gran Santiago"
-70.74721,-33.425266,1060,"Gran Santiago"
-70.7463,-33.434296,1061,"Gran Santiago"
-70.62634,-33.57368,1062,"Gran Santiago"
-70.66945,-33.533443,1063,"Gran Santiago"
-70.75443,-33.551212,1064,"Gran Santiago"
-70.60178,-33.495826,1065,"Gran Santiago"
-70.66872,-33.53693,1066,"Gran Santiago"
-70.5728,-33.617027,1067,"Gran Santiago"
-70.74041,-33.499613,1068,"Gran Santiago"
-70.70272,-33.40416,1069,"Gran Santiago"
-70.71659,-33.507927,1070,"Gran Santiago"
-70.55183,-33.58223,1071,"Gran Santiago"
-70.68579,-33.547962,1072,"Gran Santiago"
-70.76774,-33.551326,1073,"Gran Santiago"
-70.79683,-33.528244,1074,"Gran Santiago"
-70.72292,-33.396805,1075,"Gran Santiago"
-70.78401,-33.491425,1076,"Gran Santiago"
-70.75456,-33.555934,1077,"Gran Santiago"
-70.57729,-33.6267,1078,"Gran Santiago"
-70.58025,-33.62499,1079,"Gran Santiago"
-70.5545,-33.482727,1080,"Gran Santiago"
-70.57633,-33.61813,1081,"Gran Santiago"
-70.69253,-33.424698,1082,"Gran Santiago"
-70.57956,-33.623585,1083,"Gran Santiago"
-70.69019,-33.462143,1084,"Gran Santiago"
-70.56897,-33.46019,1085,"Gran Santiago"
-70.69806,-33.421665,1086,"Gran Santiago"
-70.54834,-33.51544,1087,"Gran Santiago"
-70.76023,-33.49898,1088,"Gran Santiago"
-70.67199,-33.418324,1089,"Gran Santiago"
-70.78766,-33.50307,1090,"Gran Santiago"
-70.65585,-33.49032,1091,"Gran Santiago"
-70.76559,-33.43936,1092,"Gran Santiago"
-70.55638,-33.600693,1093,"Gran Santiago"
-70.65207,-33.560062,1094,"Gran Santiago"
-70.61812,-33.554752,1095,"Gran Santiago"
-70.59181,-33.626404,1096,"Gran Santiago"
-70.72023,-33.470608,1097,"Gran Santiago"
-70.79528,-33.508495,1098,"Gran Santiago"
-70.53767,-33.45176,1099,"Gran Santiago"
-70.72035,-33.434338,1100,"Gran Santiago"
-70.72986,-33.36021,1101,"Gran Santiago"
-70.53005,-33.471004,1102,"Gran Santiago"
-70.58328,-33.47965,1103,"Gran Santiago"
-70.59068,-33.535645,1104,"Gran Santiago"
-70.60871,-33.450836,1105,"Gran Santiago"
-70.58439,-33.54997,1106,"Gran Santiago"
-70.69496,-33.522873,1107,"Gran Santiago"
-73.24696,-39.817619,1,"Valdivia"
-73.22124,-39.829253,2,"Valdivia"
-73.24262,-39.815665,3,"Valdivia"
-73.22076,-39.83187,4,"Valdivia"
-73.24057,-39.815051,5,"Valdivia"
-73.23272,-39.81763,6,"Valdivia"
-73.235,-39.830966,7,"Valdivia"
-73.21547,-39.837732,8,"Valdivia"
-73.24696,-39.825849,9,"Valdivia"
-73.23365,-39.83762,10,"Valdivia"
-73.22173,-39.830845,11,"Valdivia"
-73.21598,-39.807388,12,"Valdivia"
-73.20779,-39.840169,13,"Valdivia"
-73.21348,-39.823744,14,"Valdivia"
-73.21138,-39.833044,15,"Valdivia"
-73.25931,-39.814685,16,"Valdivia"
-73.22112,-39.850058,17,"Valdivia"
-73.23721,-39.833714,18,"Valdivia"
-73.39899,-39.873059,19,"Valdivia"
-73.2101,-39.828285,20,"Valdivia"
-73.23019,-39.826161,21,"Valdivia"
-73.2092,-39.802991,22,"Valdivia"
-73.20556,-39.82826,23,"Valdivia"
-73.24845,-39.828835,24,"Valdivia"
-73.21671,-39.843886,25,"Valdivia"
-73.23858,-39.822937,26,"Valdivia"
-73.23983,-39.817417,27,"Valdivia"
-73.22767,-39.843699,28,"Valdivia"
-73.24671,-39.819147,29,"Valdivia"
-73.20597,-39.84158,30,"Valdivia"
-73.20253,-39.83044,31,"Valdivia"
-73.22598,-39.824974,32,"Valdivia"
-73.20524,-39.838642,33,"Valdivia"
-73.24846,-39.820186,34,"Valdivia"
-73.23259,-39.818195,35,"Valdivia"
-73.23583,-39.844052,36,"Valdivia"
-73.23104,-39.838345,37,"Valdivia"
-73.25677,-39.853218,38,"Valdivia"
-73.20783,-39.839966,39,"Valdivia"
-73.23986,-39.830352,40,"Valdivia"
-73.21869,-39.803839,41,"Valdivia"
-73.22237,-39.82622,42,"Valdivia"
-73.22175,-39.83525,43,"Valdivia"
-73.22112,-39.84428,44,"Valdivia"
-73.21921,-39.847633,45,"Valdivia"
